File,Round_1,Round_2,Round_3,Round_4,Round_5,Round_6,Round_7,Round_8,Round_9,Round_10
00068-00000001.soi,6,6,6,6,6,6,6,6,6,6
00068-00000002.soi,4,4,4,4,4,4,4,4,4,4
00068-00000003.soi,1,1,1,1,1,1,1,1,1,1
00068-00000004.soi,1,2,1,1,2,1,1,2,1,1
00068-00000005.soi,1,2,1,2,1,2,1,2,2,1
00068-00000006.soi,5,5,5,5,5,6,5,5,5,5
00068-00000007.soi,3,3,3,3,3,3,3,3,3,3
00068-00000008.soi,2,2,2,2,2,2,2,2,2,2
00068-00000009.soi,4,4,4,4,4,4,4,4,4,4
00068-00000010.soi,6,6,6,6,6,6,6,6,6,6
00068-00000011.soi,3,3,3,3,3,3,3,3,3,3
00068-00000012.soi,8,8,8,8,8,8,8,8,8,8
00068-00000013.soi,3,3,4,3,3,4,3,3,4,3
00068-00000014.soi,3,3,3,3,3,3,3,3,3,3
00068-00000015.soi,4,4,4,4,4,4,4,4,4,4
00068-00000016.soi,2,2,2,2,2,2,2,2,2,2
00068-00000017.soi,2,2,2,2,2,2,2,2,2,2
00068-00000018.soi,2,2,2,2,2,2,2,2,2,2
00068-00000019.soi,5,4,5,4,4,5,5,4,5,4
00068-00000020.soi,3,3,3,3,3,3,3,3,3,3
00068-00000021.soi,3,3,3,3,3,3,3,3,3,3
00068-00000022.soi,11,11,11,11,11,11,11,11,11,11
00068-00000023.soi,7,7,3,7,7,3,7,7,3,7
00068-00000024.soi,2,2,2,2,7,2,2,2,2,2
00068-00000025.soi,11,11,11,11,11,11,11,11,11,11
00068-00000026.soi,2,2,2,2,2,2,2,2,2,2
00068-00000027.soi,3,3,3,3,3,3,3,3,3,3
00068-00000028.soi,4,4,4,14,4,4,4,14,4,4
00068-00000029.soi,11,11,11,11,11,11,11,11,11,11
00068-00000030.soi,4,4,7,4,4,4,4,7,4,4
00068-00000031.soi,5,5,5,5,5,5,5,5,5,5
00068-00000032.soi,2,2,2,2,2,2,2,2,2,2
00068-00000033.soi,5,5,5,5,5,5,5,5,5,5
00068-00000034.soi,1,1,1,1,1,1,1,1,1,1
00068-00000035.soi,2,2,2,2,2,2,2,2,2,2
00068-00000036.soi,9,9,9,9,9,9,9,9,9,9
00068-00000037.soi,7,7,7,7,7,7,7,7,7,7
00068-00000038.soi,2,4,1,2,4,1,4,2,1,4
00068-00000039.soi,2,2,2,2,2,2,2,2,2,2
00068-00000040.soi,8,8,8,8,8,8,8,8,8,8
00068-00000041.soi,6,5,6,6,5,6,6,5,6,6
00068-00000042.soi,20,20,9,20,9,20,20,20,9,20
00068-00000043.soi,3,3,3,3,3,3,3,3,3,3
00068-00000044.soi,1,1,1,1,1,1,1,1,1,1
00068-00000045.soi,6,4,6,4,4,6,6,4,10,4
00068-00000046.soi,2,2,10,2,10,2,2,2,10,2
00068-00000047.soi,2,2,2,2,2,2,2,2,2,2
00068-00000048.soi,2,1,2,1,2,2,1,2,1,2
00068-00000049.soi,4,4,4,4,4,4,4,4,4,4
00068-00000050.soi,7,7,7,7,7,7,7,7,7,7
00068-00000051.soi,2,2,2,2,2,2,2,2,2,2
00068-00000052.soi,6,2,6,6,2,6,6,2,6,6
00068-00000053.soi,1,8,7,1,8,7,1,7,8,1
00068-00000054.soi,12,12,12,2,12,12,12,2,12,12
00068-00000055.soi,3,3,3,3,3,3,3,3,3,3
00068-00000056.soi,5,5,5,5,5,5,5,5,5,5
00068-00000057.soi,3,8,3,8,8,3,3,8,3,8
00068-00000058.soi,6,9,6,4,9,6,6,4,6,9
00068-00000059.soi,2,2,2,2,2,2,2,2,2,2
00068-00000060.soi,3,3,3,3,3,3,3,3,3,3
00068-00000061.soi,5,5,5,5,5,5,5,5,5,5
00068-00000062.soi,11,11,11,11,11,6,11,11,11,11
00068-00000063.soi,7,7,7,7,7,7,7,7,7,7
00068-00000064.soi,9,9,9,7,9,9,9,7,9,9
00068-00000065.soi,18,18,18,18,18,18,18,18,18,18
00068-00000066.soi,3,3,3,3,3,3,3,3,3,3
00068-00000067.soi,2,2,2,2,2,2,2,2,2,2
00068-00000068.soi,8,1,8,8,1,8,8,1,8,8
00068-00000069.soi,1,1,1,1,1,1,1,1,1,1
00068-00000070.soi,6,6,6,6,6,6,6,6,6,6
00068-00000071.soi,2,2,2,2,2,2,2,2,2,2
00068-00000072.soi,4,4,4,4,4,4,4,4,4,4
00068-00000073.soi,1,1,1,1,1,1,1,1,1,1
00068-00000074.soi,10,10,10,10,10,7,10,10,10,10
00068-00000075.soi,6,6,6,6,6,6,6,6,6,6
00068-00000076.soi,5,5,5,5,5,5,5,5,5,5
00068-00000077.soi,6,6,6,6,6,6,6,6,6,6
00068-00000078.soi,6,6,6,6,6,6,6,6,6,6
00068-00000079.soi,15,15,15,15,15,15,15,15,15,15
00068-00000080.soi,1,1,1,1,1,1,1,1,1,1
00068-00000081.soi,3,3,3,3,3,3,3,3,3,3
00068-00000082.soi,5,5,5,5,5,5,5,5,5,5
00068-00000083.soi,8,8,8,8,8,8,8,8,8,8
00068-00000084.soi,1,1,1,1,1,1,1,1,1,1
00068-00000085.soi,4,4,4,4,4,4,4,4,4,4
00068-00000086.soi,1,1,1,1,1,1,1,1,1,1
00068-00000087.soi,5,5,5,5,5,5,5,5,5,5
00068-00000088.soi,12,12,12,12,12,12,12,12,12,12
00068-00000089.soi,12,12,12,12,12,12,12,12,12,12
00068-00000090.soi,1,1,7,1,1,7,1,1,7,1
00068-00000091.soi,1,1,1,1,1,1,1,1,1,1
00068-00000092.soi,2,2,2,4,2,2,2,4,2,2
00068-00000093.soi,3,3,3,3,3,3,3,3,3,3
00068-00000094.soi,3,8,3,2,3,3,8,3,2,3
00068-00000095.soi,1,1,1,1,1,1,1,1,1,1
00068-00000096.soi,5,5,5,5,5,5,5,5,5,5
00068-00000097.soi,7,7,7,7,5,7,7,7,7,5
00068-00000098.soi,7,7,7,7,7,7,7,7,7,7
00068-00000099.soi,7,7,9,7,7,7,9,7,7,7
00068-00000100.soi,4,4,6,4,6,4,4,4,6,4
00068-00000101.soi,5,5,5,3,5,5,6,5,5,5
00068-00000102.soi,1,1,1,1,1,1,1,1,1,1
00068-00000103.soi,1,1,1,1,1,1,1,1,1,1
00068-00000104.soi,2,2,2,1,2,2,2,2,2,1
00068-00000105.soi,12,12,12,12,14,12,11,12,12,12
00068-00000106.soi,7,5,7,7,7,5,7,5,7,7
00068-00000107.soi,7,7,8,7,8,7,7,7,8,7
00068-00000108.soi,6,4,6,6,4,6,4,6,6,4
00068-00000109.soi,1,1,1,1,1,1,1,1,1,1
00068-00000110.soi,6,6,6,6,6,6,6,6,6,6
00068-00000111.soi,8,8,8,7,8,8,8,8,7,8
00068-00000112.soi,2,2,2,2,2,2,2,2,2,2
00068-00000113.soi,15,15,15,14,15,15,15,14,15,15
00068-00000114.soi,2,2,2,2,2,2,2,2,2,2
00068-00000115.soi,1,1,1,1,1,1,1,1,1,1
00068-00000116.soi,4,4,4,4,4,4,4,4,4,4
00068-00000117.soi,4,4,4,4,4,4,4,4,4,4
00068-00000118.soi,2,2,2,2,2,2,2,2,2,2
00068-00000119.soi,4,4,4,4,4,4,4,4,4,4
00068-00000120.soi,1,1,1,1,1,1,1,1,1,1
00068-00000121.soi,1,1,1,1,1,1,1,1,1,1
00068-00000122.soi,1,1,1,1,1,1,1,1,1,1
00068-00000123.soi,6,6,10,6,10,6,6,6,10,6
00068-00000124.soi,2,4,2,4,2,4,2,4,2,4
00068-00000125.soi,4,4,4,4,4,4,4,4,4,4
00068-00000126.soi,6,3,3,6,6,3,6,3,6,3
00068-00000127.soi,4,4,4,4,4,4,4,4,4,4
00068-00000128.soi,4,4,4,4,4,4,4,4,4,4
00068-00000129.soi,4,4,4,4,4,4,4,4,4,4
00068-00000130.soi,3,3,3,3,3,3,3,3,3,3
00068-00000131.soi,5,5,5,5,5,5,5,5,5,5
00068-00000132.soi,4,4,4,4,4,4,4,4,4,4
00068-00000133.soi,1,1,1,1,6,1,1,1,1,6
00068-00000134.soi,6,6,6,6,6,6,6,6,6,6
00068-00000135.soi,3,3,3,3,3,3,3,3,3,3
00068-00000136.soi,3,3,3,3,3,3,3,3,3,3
00068-00000137.soi,3,3,3,3,3,3,3,3,3,3
00068-00000138.soi,5,5,5,5,5,5,5,5,5,5
00068-00000139.soi,2,2,2,2,2,2,2,2,2,2
00068-00000140.soi,6,6,6,6,6,6,6,6,6,6
00068-00000141.soi,5,5,5,5,5,5,5,5,5,5
00068-00000142.soi,1,1,1,1,1,1,1,1,1,1
00068-00000143.soi,15,15,15,15,15,15,15,15,15,15
00068-00000144.soi,12,12,12,12,12,12,12,12,12,12
00068-00000145.soi,1,1,1,1,1,1,1,1,1,1
00068-00000146.soi,4,4,4,4,4,4,4,4,4,4
00068-00000147.soi,8,9,8,8,9,8,9,8,8,9
00068-00000148.soi,5,5,5,5,5,5,5,5,5,5
00068-00000149.soi,1,1,1,1,1,1,1,1,1,1
00068-00000150.soi,5,5,5,5,5,5,5,5,5,5
00068-00000151.soi,5,5,5,5,5,5,5,5,5,5
00068-00000152.soi,3,5,3,5,2,3,5,3,5,3
00068-00000153.soi,7,7,7,7,7,7,7,7,7,7
00068-00000154.soi,2,2,2,2,2,2,2,2,2,2
00068-00000155.soi,3,3,3,3,3,3,3,3,3,3
00068-00000156.soi,4,4,4,4,4,4,4,4,4,4
00068-00000157.soi,3,3,3,3,3,3,3,3,3,3
00068-00000158.soi,2,2,2,2,2,2,2,2,2,2
00068-00000159.soi,3,3,3,3,3,3,3,3,3,3
00068-00000160.soi,4,4,4,4,4,4,4,4,4,4
00068-00000161.soi,4,4,4,4,4,4,4,4,4,4
00068-00000162.soi,6,6,6,6,6,6,6,6,6,6
00068-00000163.soi,2,2,2,2,2,2,2,2,2,2
00068-00000164.soi,1,1,1,1,1,1,1,1,1,1
00068-00000165.soi,2,2,4,2,2,2,4,2,2,2
00068-00000166.soi,1,1,1,1,1,1,1,1,1,1
00068-00000167.soi,5,5,5,5,5,5,5,5,5,5
00068-00000168.soi,5,5,5,5,5,5,5,5,5,5
00068-00000169.soi,1,1,1,1,1,1,1,1,1,1
00068-00000170.soi,1,1,1,1,1,1,1,1,1,1
00068-00000171.soi,2,2,2,2,2,2,2,2,2,2
00068-00000172.soi,1,1,1,1,1,1,1,1,1,1
00068-00000173.soi,3,3,3,3,3,3,3,3,3,3
00068-00000174.soi,3,3,3,3,3,3,3,3,3,3
00068-00000175.soi,4,4,4,4,4,4,4,4,4,4
00068-00000176.soi,2,2,2,2,2,2,2,2,2,2
00068-00000177.soi,2,2,2,2,2,2,2,2,2,2
00068-00000178.soi,1,1,1,1,1,1,1,1,1,1
00068-00000179.soi,5,5,5,5,5,5,5,5,5,5
00068-00000180.soi,2,1,5,2,1,5,1,2,5,2
00068-00000181.soi,3,3,3,3,3,3,3,3,3,3
00068-00000182.soi,1,1,1,1,1,1,1,1,1,1
00068-00000183.soi,1,1,1,1,1,1,1,1,1,1
00068-00000184.soi,3,3,3,3,3,3,3,3,3,3
00068-00000185.soi,3,3,3,3,3,3,3,3,3,3
00068-00000186.soi,2,2,2,2,2,2,2,2,2,2
00068-00000187.soi,4,5,4,5,5,4,4,5,4,5
00068-00000188.soi,3,3,3,3,3,3,3,3,3,3
00068-00000189.soi,2,2,2,2,2,2,2,2,2,2
00068-00000190.soi,6,6,8,6,8,6,6,6,8,6
00068-00000191.soi,5,5,5,5,5,5,5,5,5,5
00068-00000192.soi,1,1,1,1,1,1,1,1,1,1
00068-00000193.soi,1,1,1,1,1,1,1,1,1,1
00068-00000194.soi,3,3,3,3,3,3,3,3,3,3
00068-00000195.soi,8,8,8,8,8,8,8,8,8,8
00068-00000196.soi,1,1,1,1,1,1,1,1,1,1
00068-00000197.soi,8,8,8,8,8,8,8,8,8,8
00068-00000198.soi,7,7,7,7,7,7,7,7,7,7
00068-00000199.soi,6,6,6,6,6,6,6,6,6,6
00068-00000200.soi,1,1,1,1,1,1,1,1,1,1
00068-00000201.soi,5,5,5,5,5,5,5,5,5,5
00068-00000202.soi,1,1,1,1,1,1,1,1,1,1
00068-00000203.soi,4,1,4,3,4,1,4,3,4,1
00068-00000204.soi,4,4,4,4,4,4,4,4,4,4
00068-00000205.soi,1,1,1,1,1,1,1,1,1,1
00068-00000206.soi,2,2,2,2,2,2,2,2,2,2
00068-00000207.soi,1,1,1,1,1,1,1,1,1,1
00068-00000208.soi,2,2,2,2,2,2,2,2,2,2
00068-00000209.soi,11,11,11,13,11,11,11,13,11,11
00068-00000210.soi,10,5,10,5,5,10,3,10,5,10
00068-00000211.soi,5,5,5,5,5,5,5,5,5,5
00068-00000212.soi,4,10,4,4,10,4,4,10,4,10
00068-00000213.soi,1,1,1,1,1,1,1,1,1,1
00068-00000214.soi,8,13,8,12,13,8,13,13,12,8
00068-00000215.soi,18,8,18,8,8,18,18,8,18,8
00068-00000216.soi,1,1,1,1,1,1,1,1,1,1
00068-00000217.soi,5,5,5,5,5,5,5,5,5,5
00068-00000218.soi,6,2,6,6,6,2,6,2,6,6
00068-00000219.soi,4,4,4,4,4,4,4,4,4,4
00068-00000220.soi,9,9,9,9,9,9,9,9,9,9
00068-00000221.soi,1,5,1,1,5,1,5,1,1,5
00068-00000222.soi,5,5,5,5,5,5,5,5,5,5
00068-00000223.soi,3,3,4,3,3,3,6,3,3,3
00068-00000224.soi,3,3,3,3,3,3,3,3,3,3
00068-00000225.soi,6,6,6,6,6,6,6,6,6,6
00068-00000226.soi,1,1,1,1,1,1,1,1,1,1
00068-00000227.soi,4,2,5,4,4,2,5,4,1,5
00068-00000228.soi,1,1,1,1,1,1,1,1,1,1
00068-00000229.soi,1,1,1,1,1,1,1,1,1,1
00068-00000230.soi,1,1,1,1,1,1,1,1,1,1
00068-00000231.soi,5,5,5,5,5,5,5,5,5,5
00068-00000232.soi,5,5,2,5,2,5,5,5,2,5
00068-00000233.soi,5,5,5,5,5,5,5,5,5,5
00068-00000234.soi,3,7,3,7,7,3,3,7,3,7
00068-00000235.soi,6,6,6,6,6,6,6,6,6,6
00068-00000236.soi,7,7,7,9,7,1,7,7,7,9
00068-00000237.soi,8,8,8,8,8,8,8,8,8,8
00068-00000238.soi,4,4,4,4,4,4,4,4,4,4
00068-00000239.soi,1,1,1,1,1,1,1,1,1,1
00068-00000240.soi,8,5,8,5,5,8,8,5,8,5
00068-00000241.soi,3,8,6,8,6,12,8,6,8,6
00068-00000242.soi,2,2,2,2,2,2,2,2,2,2
00068-00000243.soi,2,5,2,5,2,5,2,5,2,5
00068-00000244.soi,1,1,1,7,1,1,1,7,1,1
00068-00000245.soi,12,12,12,12,12,12,12,12,12,12
00068-00000246.soi,6,6,6,6,6,6,6,6,6,6
00068-00000247.soi,4,4,4,4,4,4,4,4,4,4
00068-00000248.soi,2,2,2,4,2,2,9,2,2,2
00068-00000249.soi,4,4,4,4,4,4,4,4,4,4
00068-00000250.soi,4,4,4,4,4,4,4,4,4,4
00068-00000251.soi,7,2,7,7,7,2,7,2,7,7
00068-00000252.soi,4,4,4,4,4,4,4,4,4,4
00068-00000253.soi,5,5,5,5,5,5,5,5,5,5
00068-00000254.soi,4,4,4,4,4,4,4,4,4,4
00068-00000255.soi,5,5,5,5,5,5,5,5,5,5
00068-00000256.soi,8,2,8,2,8,8,2,8,2,8
00068-00000257.soi,1,1,1,1,1,1,1,1,1,1
00068-00000258.soi,4,4,4,4,4,4,4,4,4,4
00068-00000259.soi,8,8,8,8,8,8,8,8,8,8
00068-00000260.soi,1,1,1,1,1,1,1,1,1,1
00068-00000261.soi,3,3,3,3,3,3,3,3,3,3
00068-00000262.soi,4,4,4,4,4,4,4,4,4,4
00068-00000263.soi,4,4,4,4,4,4,4,4,4,4
00068-00000264.soi,9,5,10,10,9,5,5,9,10,10
00068-00000265.soi,12,12,12,12,12,12,12,12,12,12
00068-00000266.soi,2,2,2,2,2,2,2,2,2,2
00068-00000267.soi,2,5,5,2,2,5,5,2,2,5
00068-00000268.soi,4,4,4,4,4,4,4,4,4,4
00068-00000269.soi,13,13,13,13,13,13,13,13,13,13
00068-00000270.soi,8,8,8,8,6,8,8,8,8,6
00068-00000271.soi,9,9,9,9,9,9,9,9,9,9
00068-00000272.soi,6,6,6,6,6,6,6,6,6,6
00068-00000273.soi,1,1,1,3,1,1,2,1,3,1
00068-00000274.soi,5,5,5,5,5,5,5,5,5,5
00068-00000275.soi,3,3,3,3,3,3,3,3,3,3
00068-00000276.soi,22,22,8,22,22,22,8,22,22,8
00068-00000277.soi,8,8,8,8,8,8,8,8,8,8
00068-00000278.soi,6,6,6,6,6,6,6,6,6,6
00068-00000279.soi,2,2,2,2,2,2,2,2,2,2
00068-00000280.soi,10,10,10,10,10,10,10,10,10,10
00068-00000281.soi,8,8,6,8,8,8,6,8,8,8
00068-00000282.soi,2,2,2,2,2,2,2,2,2,2
00068-00000283.soi,8,8,8,8,8,8,8,8,8,8
00068-00000284.soi,7,7,7,7,7,7,7,7,7,7
00068-00000285.soi,8,8,8,8,8,8,8,8,8,8
00068-00000286.soi,13,5,13,5,5,13,13,5,13,5
00068-00000287.soi,1,1,1,4,1,1,7,1,1,1
00068-00000288.soi,2,2,2,2,2,2,2,2,2,2
00068-00000289.soi,3,3,3,3,3,3,3,3,3,3
00068-00000290.soi,2,2,2,2,2,2,2,2,2,2
00068-00000291.soi,2,2,2,2,2,2,2,2,2,2
00068-00000292.soi,4,4,4,4,4,4,4,4,4,4
00068-00000293.soi,6,6,6,6,6,6,6,6,6,6
00068-00000294.soi,6,6,6,6,6,6,6,6,6,6
00068-00000295.soi,4,4,4,4,4,4,4,4,4,4
00068-00000296.soi,2,2,2,2,2,2,2,2,2,2
00068-00000297.soi,4,6,4,6,4,6,6,4,4,6
00068-00000298.soi,11,5,8,11,5,8,5,11,8,11
00068-00000299.soi,1,1,1,1,1,1,1,1,1,1
00068-00000300.soi,1,1,1,1,1,1,1,1,1,1
00068-00000301.soi,15,15,15,15,15,15,15,15,15,15
00068-00000302.soi,9,9,9,9,18,9,9,9,9,9
00068-00000303.soi,3,3,3,3,3,3,3,3,3,3
00068-00000304.soi,3,3,3,3,3,3,3,3,3,3
00068-00000305.soi,6,6,6,6,6,6,6,6,6,6
00068-00000306.soi,3,3,3,3,3,3,3,3,3,3
00068-00000307.soi,4,4,10,4,4,10,4,4,10,4
00068-00000308.soi,8,8,8,8,8,8,8,8,8,8
00068-00000309.soi,2,2,2,2,2,2,2,2,2,2
00068-00000310.soi,2,2,2,2,2,2,2,2,2,2
00068-00000311.soi,2,2,2,2,2,2,2,2,2,2
00068-00000312.soi,7,7,7,7,7,7,7,7,7,7
00068-00000313.soi,2,2,2,2,2,2,2,2,2,2
00068-00000314.soi,10,10,10,10,10,10,10,10,10,10
00068-00000315.soi,2,2,2,2,2,2,2,2,2,2
00068-00000316.soi,3,6,3,6,3,6,3,6,3,6
00068-00000317.soi,5,5,5,5,5,5,5,5,5,5
00068-00000318.soi,2,2,2,2,2,2,2,2,2,2
00068-00000319.soi,7,7,7,7,7,7,7,7,7,7
00068-00000320.soi,3,4,3,3,3,4,3,4,3,3
00068-00000321.soi,1,1,1,1,1,1,1,1,1,1
00068-00000322.soi,5,5,5,5,5,5,5,5,5,5
00068-00000323.soi,6,6,3,6,6,7,6,6,6,3
00068-00000324.soi,4,4,4,4,4,4,4,4,4,4
00068-00000325.soi,2,2,2,2,2,2,2,2,2,2
00068-00000326.soi,2,2,2,2,2,2,2,2,2,2
00068-00000327.soi,1,4,1,4,4,1,4,1,4,1
00068-00000328.soi,1,7,1,7,1,1,7,1,7,1
00068-00000329.soi,2,2,2,2,2,2,2,2,2,2
00068-00000330.soi,7,7,7,7,7,7,7,7,7,7
00068-00000331.soi,5,5,5,5,5,5,5,5,5,5
00068-00000332.soi,2,2,2,2,2,2,2,2,2,2
00068-00000333.soi,2,3,5,2,2,3,5,2,3,2
00068-00000334.soi,4,4,4,4,4,4,4,4,4,4
00068-00000335.soi,2,2,2,2,2,2,2,2,2,2
00068-00000336.soi,3,3,3,3,3,3,3,3,3,3
00068-00000337.soi,2,2,2,2,2,2,2,2,2,2
00068-00000338.soi,7,7,1,7,7,1,7,7,1,7
00068-00000339.soi,4,4,5,4,4,5,4,4,5,4
00068-00000340.soi,5,3,5,5,3,5,3,5,5,3
00068-00000341.soi,2,2,2,2,2,2,2,2,2,2
00068-00000342.soi,4,4,1,4,4,4,1,4,4,4
00068-00000343.soi,1,1,1,1,1,1,1,1,1,1
00068-00000344.soi,4,4,4,4,4,4,4,4,4,4
00068-00000345.soi,5,5,5,5,5,5,5,5,5,5
00068-00000346.soi,7,7,7,7,7,7,7,7,7,7
00068-00000347.soi,8,5,1,8,5,8,1,5,5,8
00068-00000348.soi,5,3,5,3,5,3,5,3,5,3
00068-00000349.soi,3,3,3,3,3,3,3,3,3,3
00068-00000350.soi,6,6,6,6,6,6,6,6,6,6
00068-00000351.soi,1,1,1,1,1,1,1,1,1,1
00068-00000352.soi,1,1,1,1,1,1,1,1,1,1
00068-00000353.soi,1,4,1,4,4,1,1,4,1,4
00068-00000354.soi,3,3,3,3,3,3,3,3,3,3
00068-00000355.soi,2,10,2,2,2,10,2,10,2,2
00068-00000356.soi,2,5,7,2,5,2,7,4,5,2
00068-00000357.soi,3,3,3,3,3,3,3,3,3,3
00068-00000358.soi,5,5,5,5,5,5,5,5,5,5
00068-00000359.soi,9,5,9,5,9,9,5,9,5,9
00068-00000360.soi,4,6,4,4,2,6,4,4,6,4
00068-00000361.soi,6,6,6,6,6,6,6,6,6,6
00068-00000362.soi,12,1,12,12,13,12,1,12,12,13
00068-00000363.soi,2,2,2,2,2,2,2,2,2,2
00068-00000364.soi,1,1,1,1,1,1,1,1,1,1
00068-00000365.soi,1,3,1,3,1,3,1,3,1,3
00068-00000366.soi,4,4,4,5,4,4,1,5,4,4
00068-00000367.soi,1,1,12,1,9,1,2,1,1,12
00068-00000368.soi,2,2,2,2,2,2,2,2,2,2
00068-00000369.soi,8,4,12,1,8,4,12,8,4,1
00068-00000370.soi,3,3,5,3,3,5,3,3,5,3
00068-00000371.soi,8,8,8,8,6,8,8,8,8,8
00068-00000372.soi,9,9,2,9,9,9,2,9,9,2
00068-00000373.soi,4,3,7,4,3,4,7,4,3,4
00068-00000374.soi,3,3,3,3,3,3,3,3,3,3
00068-00000375.soi,2,1,2,6,2,1,2,6,2,2
00068-00000376.soi,3,3,3,3,3,3,3,3,3,3
00068-00000377.soi,3,6,3,6,3,6,3,6,3,6
00068-00000378.soi,3,3,3,3,3,3,3,3,3,3
00068-00000379.soi,13,13,13,13,13,13,13,13,13,13
00068-00000380.soi,4,4,4,1,4,4,4,1,4,4
00068-00000381.soi,3,1,3,3,3,1,3,1,3,3
00068-00000382.soi,3,3,3,3,3,3,3,3,3,3
00068-00000383.soi,3,4,4,3,3,4,3,4,3,4
00068-00000384.soi,5,5,5,5,5,5,5,5,5,5
00068-00000385.soi,3,3,3,3,3,4,3,3,3,3
00068-00000386.soi,5,5,5,5,5,5,5,5,5,5
00068-00000387.soi,6,6,2,6,6,6,6,2,6,6
00068-00000388.soi,7,7,7,7,7,7,7,7,7,7
00068-00000389.soi,2,5,3,5,2,5,2,5,2,5
00068-00000390.soi,2,2,4,2,2,4,2,2,4,2
00068-00000391.soi,4,4,4,4,4,4,4,4,4,4
00068-00000392.soi,5,5,5,5,5,5,5,5,5,5
00068-00000393.soi,3,3,7,3,3,7,3,3,7,3
00068-00000394.soi,1,1,1,1,1,1,1,1,1,1
00068-00000395.soi,3,3,3,3,3,3,3,3,3,3
00068-00000396.soi,1,1,1,1,1,1,1,1,1,1
00068-00000397.soi,4,4,4,4,4,4,4,4,4,4
00068-00000398.soi,2,2,2,2,2,2,2,2,2,2
00068-00000399.soi,1,4,1,8,1,4,1,8,1,4
00068-00000400.soi,10,9,10,3,10,10,9,10,3,10
00068-00000401.soi,6,2,6,2,2,6,6,2,6,2
00068-00000402.soi,2,2,2,2,1,2,2,2,2,1
00068-00000403.soi,6,5,6,5,5,6,6,5,6,5
00068-00000404.soi,6,6,6,6,6,6,6,6,6,6
00068-00000405.soi,9,9,2,9,9,2,9,9,2,9
00068-00000406.soi,11,11,11,11,11,11,11,11,11,11
00068-00000407.soi,11,2,11,2,2,11,11,2,11,2
00068-00000408.soi,1,4,1,1,4,1,1,4,1,1
00068-00000409.soi,10,8,10,8,8,10,10,8,10,8
00068-00000410.soi,5,5,5,5,5,5,5,5,5,5
00068-00000411.soi,3,3,3,3,3,3,3,3,3,3
00068-00000412.soi,6,6,6,10,6,6,6,6,10,6
00068-00000413.soi,6,3,5,6,3,5,3,6,5,6
00068-00000414.soi,1,1,1,1,6,1,1,1,1,6
00068-00000415.soi,7,7,7,7,7,7,7,7,7,7
00068-00000416.soi,1,1,1,1,1,1,1,1,1,1
00068-00000417.soi,1,1,1,1,1,8,1,1,6,1
00068-00000418.soi,2,2,2,2,2,2,2,2,2,2
00068-00000419.soi,1,1,1,1,1,1,1,1,1,1
00068-00000420.soi,10,1,10,1,10,10,1,10,10,1
00068-00000421.soi,2,2,2,2,2,2,2,2,2,2
00068-00000422.soi,6,6,6,6,6,6,6,6,6,6
00068-00000423.soi,1,1,1,1,1,1,1,1,1,1
00068-00000424.soi,7,7,7,7,7,7,7,7,7,7
00068-00000425.soi,2,2,2,2,2,2,2,2,2,2
00068-00000426.soi,2,2,2,2,2,2,2,2,2,2
00068-00000427.soi,2,2,2,2,2,2,2,2,2,2
00068-00000428.soi,3,3,3,3,3,3,3,3,3,3
00068-00000429.soi,8,8,8,8,8,8,8,8,8,8
00068-00000430.soi,5,5,5,5,5,5,5,5,5,5
00068-00000431.soi,3,3,3,3,3,3,3,3,3,3
00068-00000432.soi,7,7,7,7,7,7,7,7,7,7
00068-00000433.soi,2,9,2,2,2,9,2,9,2,2
00068-00000434.soi,5,5,5,5,5,5,5,5,5,5
00068-00000435.soi,1,1,1,1,1,1,1,1,1,1
00068-00000436.soi,10,10,10,10,10,10,10,10,10,10
00068-00000437.soi,1,1,1,1,1,1,1,1,1,1
00068-00000438.soi,2,2,2,2,2,2,2,2,2,2
00068-00000439.soi,7,7,1,7,1,7,7,7,1,7
00068-00000440.soi,8,3,8,8,8,3,8,3,8,8
00068-00000441.soi,1,1,1,1,1,1,1,1,1,1
00068-00000442.soi,6,6,6,6,6,6,6,6,6,6
00068-00000443.soi,2,2,2,2,2,2,2,2,2,2
00068-00000444.soi,1,1,1,1,1,1,1,1,1,1
00068-00000445.soi,2,2,2,2,2,2,2,2,2,2
00068-00000446.soi,6,6,6,6,6,6,6,6,6,6
00068-00000447.soi,7,5,2,4,2,4,3,4,3,4
00068-00000448.soi,2,5,4,7,4,2,7,5,5,2
00068-00000449.soi,5,2,5,5,5,2,5,2,5,5
00068-00000450.soi,9,9,9,9,9,9,9,9,9,9
00068-00000451.soi,6,6,6,6,6,6,6,6,6,6
00068-00000452.soi,2,2,2,2,2,2,2,2,2,2
00068-00000453.soi,6,6,6,6,6,6,6,6,6,6
00068-00000454.soi,4,4,4,4,4,4,4,4,4,4
00068-00000455.soi,5,5,3,1,5,5,5,3,1,5
00068-00000456.soi,1,9,1,9,1,3,2,1,9,1
00068-00000457.soi,3,3,3,3,3,3,3,3,3,3
00068-00000458.soi,1,1,1,1,1,1,1,1,1,1
00068-00000459.soi,2,2,2,2,2,2,2,2,2,2
00068-00000460.soi,3,3,3,3,3,3,3,3,3,3
00068-00000461.soi,2,2,2,2,2,2,2,2,2,2
00068-00000462.soi,3,3,3,3,3,3,3,3,3,3
00068-00000463.soi,2,2,2,2,2,2,2,2,2,2
00068-00000464.soi,3,3,3,3,3,3,3,3,3,3
00068-00000465.soi,2,4,2,4,2,4,2,4,2,4
00068-00000466.soi,2,2,2,2,2,2,2,2,2,2
00068-00000467.soi,2,2,2,2,2,2,2,2,2,2
00068-00000468.soi,3,3,3,3,3,3,3,3,3,3
00068-00000469.soi,5,5,6,5,5,6,5,5,6,5
00068-00000470.soi,1,1,1,1,1,1,1,1,1,1
00068-00000471.soi,3,3,3,9,3,3,3,9,3,3
00068-00000472.soi,5,5,5,5,5,5,5,5,5,5
00068-00000473.soi,3,3,3,3,3,3,3,3,3,3
00068-00000474.soi,2,2,2,2,5,11,2,3,2,11
00068-00000475.soi,1,1,3,1,1,1,3,1,1,1
00068-00000476.soi,2,2,2,2,2,2,2,2,2,2
00068-00000477.soi,3,3,3,3,3,3,3,3,3,3
00068-00000478.soi,1,1,1,1,1,1,1,1,1,1
00068-00000479.soi,1,1,1,1,1,1,1,1,1,1
00068-00000480.soi,1,1,1,1,1,1,1,1,1,1
00068-00000481.soi,2,2,2,2,2,2,2,2,2,2
00068-00000482.soi,3,3,3,3,3,3,3,3,3,3
00068-00000483.soi,7,7,7,7,7,7,7,7,7,7
00068-00000484.soi,3,3,3,3,3,3,3,3,3,3
00068-00000485.soi,3,3,3,3,3,3,3,3,3,3
00068-00000486.soi,4,4,4,4,4,4,4,4,4,4
00068-00000487.soi,2,2,2,2,2,2,2,2,2,2
00068-00000488.soi,3,9,3,10,3,9,3,10,3,3
00068-00000489.soi,10,12,10,10,10,12,10,12,10,10
00068-00000490.soi,5,5,5,5,5,5,5,5,5,5
00068-00000491.soi,1,1,1,1,1,1,1,1,1,1
00068-00000492.soi,2,2,2,2,2,2,2,2,2,2
00068-00000493.soi,7,7,12,7,12,7,7,7,12,7
00068-00000494.soi,3,3,3,3,3,3,3,3,3,3
00068-00000495.soi,2,6,2,2,2,6,2,6,2,2
00068-00000496.soi,4,4,4,4,4,4,4,4,4,4
00068-00000497.soi,1,1,1,1,1,1,1,1,1,1
00068-00000498.soi,2,2,2,2,2,2,2,2,2,2
00068-00000499.soi,4,4,1,4,1,4,4,4,1,4
00068-00000500.soi,4,4,4,4,4,4,4,4,4,4
00068-00000501.soi,4,4,4,4,4,4,4,4,4,4
00068-00000502.soi,3,3,3,3,3,3,3,3,3,3
00068-00000503.soi,1,1,1,1,1,1,1,1,1,1
00068-00000504.soi,1,1,1,1,1,1,1,1,1,1
00068-00000505.soi,4,4,4,4,4,4,4,4,4,4
00068-00000506.soi,1,1,1,1,1,1,1,1,1,1
00068-00000507.soi,4,2,4,2,2,4,4,2,4,2
00068-00000508.soi,1,1,1,1,1,1,1,1,1,1
00068-00000509.soi,4,4,4,4,4,4,4,4,4,4
00068-00000510.soi,1,1,1,1,1,1,1,1,1,1
00068-00000511.soi,5,5,5,5,5,5,5,5,5,5
00068-00000512.soi,9,9,9,3,9,9,9,3,9,9
00068-00000513.soi,3,3,3,3,3,3,3,3,3,3
00068-00000514.soi,1,1,1,1,1,1,1,1,1,1
00068-00000515.soi,2,2,2,2,2,2,2,2,2,2
00068-00000516.soi,2,2,2,2,2,2,2,2,2,2
00068-00000517.soi,6,6,6,4,6,6,6,6,4,6
00068-00000518.soi,2,2,2,2,2,2,2,2,2,2
00068-00000519.soi,2,2,2,2,2,2,2,2,2,2
00068-00000520.soi,3,3,3,3,3,3,3,3,3,3
00068-00000521.soi,8,8,7,8,8,8,7,8,8,8
00068-00000522.soi,2,2,2,2,2,2,2,2,2,2
00068-00000523.soi,1,1,1,1,1,1,1,1,1,1
00068-00000524.soi,3,3,3,3,3,3,3,3,3,3
00068-00000525.soi,4,4,4,4,4,4,4,4,4,4
00068-00000526.soi,2,2,2,2,2,2,2,2,2,2
00068-00000527.soi,2,2,2,2,2,2,2,2,2,2
00068-00000528.soi,2,2,2,2,2,2,2,2,2,2
00068-00000529.soi,2,2,2,2,2,2,2,2,2,2
00068-00000530.soi,2,2,2,2,2,2,2,2,2,2
00068-00000531.soi,4,4,4,4,4,4,4,4,4,4
00068-00000532.soi,2,2,2,2,2,2,2,2,2,2
00068-00000533.soi,8,8,8,8,8,8,8,8,8,8
00068-00000534.soi,7,1,7,7,4,7,7,1,7,4
00068-00000535.soi,1,1,1,1,1,1,3,1,1,1
00068-00000536.soi,1,1,1,1,1,1,1,1,1,1
00068-00000537.soi,1,1,1,1,1,1,1,1,1,1
00068-00000538.soi,2,18,2,18,2,18,2,18,2,18
00068-00000539.soi,7,7,7,7,7,7,7,7,7,7
00068-00000540.soi,3,4,3,8,4,3,3,4,3,4
00068-00000541.soi,1,1,1,1,1,1,1,1,1,1
00068-00000542.soi,2,4,2,4,2,4,2,4,2,4
00068-00000543.soi,8,4,10,8,4,8,10,8,4,8
00068-00000544.soi,1,1,1,1,1,1,1,1,1,1
00068-00000545.soi,4,4,1,4,4,4,1,4,4,4
00068-00000546.soi,1,1,1,1,1,1,1,1,1,1
00068-00000547.soi,4,8,5,1,4,4,1,8,4,5
00068-00000548.soi,15,15,15,15,8,15,15,15,15,15
00068-00000549.soi,13,13,13,13,13,13,13,13,13,13
00068-00000550.soi,1,1,1,1,1,1,1,1,1,1
00068-00000551.soi,4,4,4,4,4,4,4,4,4,4
00068-00000552.soi,6,6,6,6,6,6,6,6,6,6
00068-00000553.soi,6,6,6,6,6,6,6,6,6,6
00068-00000554.soi,4,4,4,4,4,4,4,4,4,4
00068-00000555.soi,2,2,2,2,2,2,2,2,2,2
00068-00000556.soi,2,2,2,2,2,2,2,2,2,2
00068-00000557.soi,4,4,4,4,4,4,4,4,4,4
00068-00000558.soi,10,10,10,10,10,10,10,10,10,10
00068-00000559.soi,7,7,7,7,7,7,7,7,7,7
00068-00000560.soi,2,2,2,2,2,2,2,2,2,2
00068-00000561.soi,1,1,1,1,1,1,1,1,1,1
00068-00000562.soi,4,4,4,4,4,4,4,4,4,4
00068-00000563.soi,2,6,2,2,2,6,2,6,2,2
00068-00000564.soi,3,3,3,3,3,3,3,3,3,3
00068-00000565.soi,4,4,4,4,4,4,4,4,4,4
00068-00000566.soi,7,8,7,8,8,7,8,7,7,8
00068-00000567.soi,3,4,3,5,3,3,4,3,5,3
00068-00000568.soi,3,3,3,3,3,3,3,3,3,3
00068-00000569.soi,8,8,8,8,8,8,8,8,8,8
00068-00000570.soi,2,2,2,2,2,2,2,2,2,2
00068-00000571.soi,1,1,1,1,1,1,1,1,1,1
00068-00000572.soi,1,1,1,1,1,1,1,1,1,1
00068-00000573.soi,5,7,4,7,4,7,4,7,4,4
00068-00000574.soi,6,12,6,1,12,6,4,6,12,6
00068-00000575.soi,9,9,9,9,9,9,9,9,9,9
00068-00000576.soi,9,6,7,9,9,6,7,9,6,7
00068-00000577.soi,1,1,1,1,1,1,1,1,1,1
00068-00000578.soi,4,4,4,4,4,4,4,4,4,4
00068-00000579.soi,2,2,2,7,2,2,7,2,2,2
00068-00000580.soi,2,2,2,2,2,2,2,2,2,2
00068-00000581.soi,2,6,2,6,5,2,6,2,6,2
00068-00000582.soi,8,8,8,8,8,8,8,8,8,8
00068-00000583.soi,7,7,7,7,7,7,7,7,7,7
00068-00000584.soi,1,1,1,1,1,1,1,1,1,1
00068-00000585.soi,1,1,1,1,1,1,1,1,1,1
00068-00000586.soi,5,9,5,9,9,5,5,9,5,9
00068-00000587.soi,3,3,3,3,3,3,3,3,3,3
00068-00000588.soi,8,8,8,8,8,8,8,8,8,8
00068-00000589.soi,6,1,6,1,1,6,6,1,6,1
00068-00000590.soi,2,2,2,2,2,2,2,2,2,2
00068-00000591.soi,1,1,1,1,1,1,1,1,1,1
00068-00000592.soi,4,4,4,4,4,4,4,4,4,4
00068-00000593.soi,3,3,3,3,3,3,3,3,3,3
00068-00000594.soi,7,7,7,7,7,7,7,7,7,7
00068-00000595.soi,3,3,3,3,3,3,3,3,3,3
00068-00000596.soi,1,1,1,1,1,1,1,1,1,1
00068-00000597.soi,4,4,4,4,4,4,4,4,4,4
00068-00000598.soi,3,3,3,3,3,3,3,3,3,3
00068-00000599.soi,2,2,2,2,2,2,2,2,2,2
00068-00000600.soi,2,2,2,2,2,2,2,2,2,2
00068-00000601.soi,2,2,2,2,2,2,2,2,2,2
00068-00000602.soi,2,5,2,5,5,2,5,2,2,5
00068-00000603.soi,2,2,2,2,2,2,2,2,2,2
00068-00000604.soi,10,10,10,10,10,10,10,10,10,10
00068-00000605.soi,11,11,11,11,11,11,11,11,11,11
00068-00000606.soi,7,7,7,7,7,7,7,7,7,7
00068-00000607.soi,1,1,1,1,1,1,1,1,1,1
00068-00000608.soi,7,7,7,7,7,7,7,7,7,7
00068-00000609.soi,2,2,2,2,2,2,2,2,2,2
00068-00000610.soi,1,1,1,1,1,1,1,1,1,1
00068-00000611.soi,1,1,1,1,1,1,1,1,1,1
00068-00000612.soi,7,6,7,7,6,7,6,7,7,6
00068-00000613.soi,5,5,5,5,5,5,5,5,5,5
00068-00000614.soi,1,1,1,1,1,1,1,1,1,1
00068-00000615.soi,4,4,4,4,4,4,4,4,4,4
00068-00000616.soi,5,1,5,5,5,1,5,1,5,5
00068-00000617.soi,3,3,3,7,3,3,3,7,3,3
00068-00000618.soi,2,2,2,2,2,2,2,2,2,2
00068-00000619.soi,1,1,1,1,1,1,1,1,1,1
00068-00000620.soi,7,7,7,7,7,7,7,7,7,7
00068-00000621.soi,1,1,1,1,1,1,1,1,1,1
00068-00000622.soi,5,7,5,4,5,7,5,7,5,5
00068-00000623.soi,4,4,4,4,4,4,4,4,4,4
00068-00000624.soi,3,3,3,3,3,3,3,3,3,3
00068-00000625.soi,2,11,2,11,2,11,2,11,2,11
00068-00000626.soi,1,1,1,1,1,1,1,1,1,1
00068-00000627.soi,10,10,10,10,10,10,10,10,10,10
00068-00000628.soi,1,1,1,1,1,1,1,1,1,1
00068-00000629.soi,4,4,4,4,4,4,4,4,4,4
00068-00000630.soi,1,3,1,3,3,1,1,3,1,3
00068-00000631.soi,2,2,2,2,2,2,2,2,2,2
00068-00000632.soi,3,10,2,3,10,3,2,3,10,2
00068-00000633.soi,6,6,6,6,6,6,6,6,6,6
00068-00000634.soi,17,17,17,17,17,17,17,17,17,17
00068-00000635.soi,1,1,1,1,1,1,1,1,1,1
00068-00000636.soi,3,3,3,8,3,3,3,3,8,3
00068-00000637.soi,4,4,4,4,4,4,4,4,4,4
00068-00000638.soi,2,2,2,3,2,2,2,2,3,2
00068-00000639.soi,3,3,3,3,3,3,3,3,3,3
00068-00000640.soi,3,3,3,3,3,3,3,3,3,3
00068-00000641.soi,2,2,1,2,2,1,2,2,1,2
00068-00000642.soi,1,1,1,1,1,1,1,1,1,1
00068-00000643.soi,4,4,4,4,4,4,4,4,4,4
00068-00000644.soi,1,1,1,1,1,1,1,1,1,1
00068-00000645.soi,1,1,1,1,1,1,1,1,1,1
00068-00000646.soi,3,3,3,2,3,3,7,3,3,3
00068-00000647.soi,1,1,1,1,1,1,1,1,1,1
00068-00000648.soi,7,7,7,7,7,7,7,7,7,7
00068-00000649.soi,3,3,3,3,3,3,3,3,3,3
00068-00000650.soi,1,1,1,1,1,1,1,1,1,1
00068-00000651.soi,9,10,9,10,10,9,9,10,9,10
00068-00000652.soi,2,2,2,2,2,2,2,2,2,2
00068-00000653.soi,6,6,6,5,6,6,6,2,6,6
00068-00000654.soi,7,7,7,7,7,7,7,7,7,7
00068-00000655.soi,3,2,3,3,3,2,3,2,3,3
00068-00000656.soi,6,6,6,6,6,6,6,6,6,6
00068-00000657.soi,8,8,8,8,8,8,8,8,8,8
00068-00000658.soi,5,5,5,5,5,5,5,5,5,5
00068-00000659.soi,1,1,1,1,1,1,1,1,1,1
00068-00000660.soi,3,3,3,3,3,3,3,3,3,3
00068-00000661.soi,4,3,7,4,3,4,7,3,4,3
00068-00000662.soi,2,2,2,2,2,2,2,2,2,2
00068-00000663.soi,7,7,7,7,7,7,7,7,7,7
00068-00000664.soi,1,1,1,1,1,1,1,1,1,1
00068-00000665.soi,4,4,4,4,4,4,4,4,4,4
00068-00000666.soi,7,1,7,1,7,1,7,1,7,1
00068-00000667.soi,6,6,6,5,6,6,6,5,6,6
00068-00000668.soi,15,15,4,15,2,15,15,4,15,15
00068-00000669.soi,2,2,2,2,2,2,2,2,2,2
00068-00000670.soi,2,2,2,2,2,2,2,2,2,2
00068-00000671.soi,1,1,1,1,1,1,1,1,1,1
00068-00000672.soi,1,1,1,1,1,1,1,1,1,1
00068-00000673.soi,6,6,6,6,6,6,6,6,6,6
00068-00000674.soi,6,3,6,3,3,6,6,3,6,3
00068-00000675.soi,2,2,2,2,2,2,2,2,2,2
00068-00000676.soi,1,1,1,1,1,1,1,1,1,1
00068-00000677.soi,6,9,6,3,9,6,9,6,3,9
00068-00000678.soi,3,3,3,3,3,3,3,3,3,3
00068-00000679.soi,1,1,1,1,1,1,1,1,1,1
00068-00000680.soi,5,5,5,5,5,5,5,5,5,5
00068-00000681.soi,9,9,9,1,9,9,9,1,9,9
00068-00000682.soi,12,12,12,12,12,12,12,12,12,12
00068-00000683.soi,1,1,1,1,1,1,1,1,1,1
00068-00000684.soi,3,3,3,3,3,3,3,3,3,3
00068-00000685.soi,8,8,8,8,8,8,8,8,8,8
00068-00000686.soi,5,5,5,5,5,5,5,5,5,5
00068-00000687.soi,1,1,1,1,1,1,1,1,1,1
00068-00000688.soi,7,7,5,7,3,7,7,3,7,7
00068-00000689.soi,2,2,2,2,2,2,2,2,2,2
00068-00000690.soi,5,2,5,2,5,2,5,2,5,2
00068-00000691.soi,6,13,6,13,6,13,6,13,13,6
00068-00000692.soi,5,5,5,5,5,5,5,5,5,5
00068-00000693.soi,1,1,1,1,1,1,1,1,1,1
00068-00000694.soi,6,6,6,6,6,6,6,6,6,6
00068-00000695.soi,3,3,3,3,3,3,3,3,3,3
00068-00000696.soi,6,6,6,6,6,6,6,6,6,6
00068-00000697.soi,12,12,12,12,12,12,12,12,12,12
00068-00000698.soi,1,1,1,1,1,1,1,1,1,1
00068-00000699.soi,6,6,6,6,6,6,6,6,6,6
00068-00000700.soi,5,5,5,5,5,5,5,5,5,5
00068-00000701.soi,3,3,3,3,3,3,3,3,3,3
00068-00000702.soi,1,1,1,1,1,1,1,1,1,1
00068-00000703.soi,4,4,4,4,4,4,4,4,4,4
00068-00000704.soi,5,5,5,5,5,5,5,5,5,5
00068-00000705.soi,6,6,6,3,6,6,6,6,3,6
00068-00000706.soi,3,3,3,3,3,3,3,3,3,3
00068-00000707.soi,2,2,2,2,2,2,2,2,2,2
00068-00000708.soi,1,1,1,1,1,1,1,1,1,1
00068-00000709.soi,1,1,1,1,1,1,1,1,1,1
00068-00000710.soi,1,1,1,1,1,1,1,1,1,1
00068-00000711.soi,2,2,2,2,2,2,2,2,2,2
00068-00000712.soi,1,1,1,1,1,1,1,1,1,1
00068-00000713.soi,5,5,5,5,5,5,5,5,5,5
00068-00000714.soi,4,4,3,4,3,4,4,4,3,4
00068-00000715.soi,3,3,3,3,3,3,3,3,3,3
00068-00000716.soi,3,3,4,3,4,3,9,3,3,3
00068-00000717.soi,3,3,3,3,3,3,3,3,3,3
00068-00000718.soi,2,7,2,7,2,7,2,7,2,7
00068-00000719.soi,12,12,4,12,12,12,4,12,12,12
00068-00000720.soi,5,11,10,5,11,10,11,5,10,11
00068-00000721.soi,2,7,2,7,2,7,2,7,2,7
00068-00000722.soi,9,9,9,9,9,9,9,9,9,9
00068-00000723.soi,1,2,1,2,1,5,1,2,1,2
00068-00000724.soi,2,2,2,2,2,2,2,2,2,2
00068-00000725.soi,1,9,1,8,9,1,9,9,8,1
00068-00000726.soi,15,15,17,15,17,15,15,15,17,15
00068-00000727.soi,6,6,6,6,6,6,6,6,6,6
00068-00000728.soi,4,4,4,4,4,4,4,4,4,4
00068-00000729.soi,3,3,3,3,3,3,3,3,3,3
00068-00000730.soi,3,3,3,3,3,3,3,3,3,3
00068-00000731.soi,5,5,5,5,5,5,5,5,5,5
00068-00000732.soi,3,3,3,3,3,3,3,3,3,3
00068-00000733.soi,6,6,6,6,6,6,6,6,6,6
00068-00000734.soi,5,5,5,5,5,5,5,5,5,5
00068-00000735.soi,3,3,3,3,3,3,3,3,3,3
00068-00000736.soi,8,8,8,8,8,8,8,8,8,8
00068-00000737.soi,8,8,8,8,8,8,8,8,8,8
00068-00000738.soi,3,6,3,6,6,3,3,6,3,6
00068-00000739.soi,14,10,14,14,16,10,14,14,10,14
00068-00000740.soi,3,3,3,3,3,3,3,3,3,3
00068-00000741.soi,4,4,4,4,4,4,4,4,4,4
00068-00000742.soi,2,2,2,2,2,2,2,2,2,2
00068-00000743.soi,3,3,3,3,3,3,3,3,3,3
00068-00000744.soi,8,8,8,8,8,8,8,8,8,8
00068-00000745.soi,8,8,8,8,8,8,8,8,8,8
00068-00000746.soi,9,9,9,9,9,9,9,9,9,9
00068-00000747.soi,4,4,7,4,4,7,4,4,7,4
00068-00000748.soi,5,5,10,5,5,10,5,5,10,5
00068-00000749.soi,1,1,1,1,1,1,1,1,1,1
00068-00000750.soi,2,2,2,2,2,2,2,2,2,2
00068-00000751.soi,14,4,13,4,14,4,14,4,14,4
00068-00000752.soi,5,5,5,5,5,5,5,5,5,5
00068-00000753.soi,5,3,1,13,5,14,3,5,13,3
00068-00000754.soi,6,6,6,6,1,6,6,6,6,6
00068-00000755.soi,2,2,2,2,2,2,2,2,2,2
00068-00000756.soi,2,2,2,2,2,2,2,2,2,2
00068-00000757.soi,6,2,6,2,2,6,6,2,6,2
00068-00000758.soi,8,8,7,8,7,8,8,8,7,8
00068-00000759.soi,2,2,2,2,2,2,2,2,2,2
00068-00000760.soi,1,8,1,5,1,1,1,5,8,1
00068-00000761.soi,1,1,1,1,1,1,1,1,1,1
00068-00000762.soi,4,4,4,3,4,4,4,3,4,4
00068-00000763.soi,5,5,5,5,5,5,5,5,5,5
00068-00000764.soi,6,6,6,6,6,6,6,6,6,6
00068-00000765.soi,3,3,3,3,3,3,3,3,3,3
00068-00000766.soi,1,1,1,1,1,1,1,1,1,1
00068-00000767.soi,1,1,1,1,1,1,1,1,1,1
00068-00000768.soi,1,1,1,1,1,1,1,1,1,1
00068-00000769.soi,1,1,1,1,1,1,1,1,1,1
00068-00000770.soi,5,5,5,5,2,5,5,5,5,2
00068-00000771.soi,2,2,2,2,2,2,2,2,2,2
00068-00000772.soi,4,4,4,4,4,4,4,4,4,4
00068-00000773.soi,9,9,9,9,9,9,9,9,9,9
00068-00000774.soi,6,1,6,1,6,1,6,1,6,1
00068-00000775.soi,1,1,1,1,1,1,1,1,1,1
00068-00000776.soi,2,2,2,2,2,2,2,2,2,2
00068-00000777.soi,2,2,2,2,2,2,2,2,2,2
00068-00000778.soi,8,8,8,8,8,8,8,8,8,8
00068-00000779.soi,3,3,3,3,3,3,3,3,3,3
00068-00000780.soi,1,1,1,1,1,1,1,1,1,1
00068-00000781.soi,5,5,5,5,5,5,5,5,5,5
00068-00000782.soi,1,1,1,1,1,1,1,1,1,1
00068-00000783.soi,1,1,1,1,1,1,1,1,1,1
00068-00000784.soi,8,8,8,8,8,8,8,8,8,8
00068-00000785.soi,6,7,6,11,6,6,11,6,7,6
00068-00000786.soi,7,7,7,7,7,7,7,7,7,7
00068-00000787.soi,1,1,1,1,1,1,1,1,1,1
00068-00000788.soi,7,7,7,7,7,7,7,7,7,7
00068-00000789.soi,16,16,16,16,16,16,16,16,16,16
00068-00000790.soi,15,15,15,15,15,15,15,15,15,15
00068-00000791.soi,15,15,15,15,15,15,15,15,15,15
00068-00000792.soi,10,10,10,10,10,10,10,10,10,10
00068-00000793.soi,3,3,3,3,3,3,3,3,3,3
00068-00000794.soi,3,3,3,3,3,3,3,3,3,3
00068-00000795.soi,3,3,3,3,3,3,3,3,3,3
00068-00000796.soi,6,6,6,7,6,6,6,6,7,6
00068-00000797.soi,1,1,1,1,1,1,1,1,1,1
00068-00000798.soi,4,4,4,4,4,4,4,4,4,4
00068-00000799.soi,1,1,1,1,1,1,1,1,1,1
00068-00000800.soi,7,7,4,7,7,7,4,7,7,7
00068-00000801.soi,4,5,4,5,4,5,4,5,4,5
00068-00000802.soi,5,5,5,5,5,5,5,5,5,5
00068-00000803.soi,12,12,12,12,12,12,12,12,12,12
00068-00000804.soi,1,1,1,1,1,1,1,1,1,1
00068-00000805.soi,9,2,7,9,2,7,7,9,2,9
00068-00000806.soi,1,1,1,1,1,1,1,1,1,1
00068-00000807.soi,2,2,2,2,2,2,2,2,2,2
00068-00000808.soi,2,2,2,2,2,2,2,2,2,2
00068-00000809.soi,2,2,7,2,2,2,7,2,2,7
00068-00000810.soi,3,3,3,3,3,3,3,3,3,3
00068-00000811.soi,8,8,8,8,8,8,8,8,8,8
00068-00000812.soi,9,9,9,9,9,9,9,9,9,9
00068-00000813.soi,4,4,4,4,4,4,4,4,4,4
00068-00000814.soi,9,9,9,9,9,9,9,9,9,9
00068-00000815.soi,2,2,2,5,2,2,2,5,2,2
00068-00000816.soi,10,11,10,10,9,10,10,11,10,10
00068-00000817.soi,1,1,1,1,1,1,1,1,1,1
00068-00000818.soi,8,8,8,8,8,8,8,8,8,8
00068-00000819.soi,3,3,3,3,3,3,3,3,3,3
00068-00000820.soi,5,8,5,8,5,5,8,5,8,5
00068-00000821.soi,2,2,2,2,2,2,2,2,2,2
00068-00000822.soi,6,6,6,6,6,6,6,6,6,6
00068-00000823.soi,6,6,6,6,6,6,6,6,6,6
00068-00000824.soi,20,20,20,20,20,20,20,20,20,20
00068-00000825.soi,6,10,6,10,6,10,10,6,10,6
00068-00000826.soi,7,7,7,7,7,7,7,7,7,7
00068-00000827.soi,5,5,5,5,5,5,5,5,5,5
00068-00000828.soi,6,6,6,6,6,6,6,6,6,6
00068-00000829.soi,2,3,1,2,3,1,3,2,1,2
00068-00000830.soi,2,2,2,2,2,2,2,2,2,2
00068-00000831.soi,4,4,4,4,4,4,4,4,4,4
00068-00000832.soi,5,5,10,5,5,10,5,5,10,5
00068-00000833.soi,3,3,3,3,3,3,3,3,3,3
00068-00000834.soi,1,1,1,1,1,1,1,1,1,1
00068-00000835.soi,10,10,5,10,5,10,10,10,5,10
00068-00000836.soi,7,6,7,6,6,7,7,6,7,6
00068-00000837.soi,4,4,4,4,4,4,4,4,4,4
00068-00000838.soi,11,11,11,11,11,11,11,11,11,11
00068-00000839.soi,2,2,2,2,2,2,2,2,2,2
00068-00000840.soi,5,5,5,5,5,1,5,5,5,5
00068-00000841.soi,4,4,4,4,4,4,4,4,4,4
00068-00000842.soi,1,1,1,1,1,1,1,1,1,1
00068-00000843.soi,5,5,5,5,5,5,5,5,5,5
00068-00000844.soi,1,1,1,1,1,1,1,1,1,1
00068-00000845.soi,1,1,1,1,1,1,1,1,1,1
00068-00000846.soi,5,5,5,5,5,5,5,5,5,5
00068-00000847.soi,3,3,3,3,3,3,3,3,3,3
00068-00000848.soi,4,4,4,3,4,4,4,4,3,4
00068-00000849.soi,2,2,2,2,2,2,2,2,2,2
00068-00000850.soi,4,4,4,4,4,4,4,4,4,4
00068-00000851.soi,4,4,4,4,4,4,4,4,4,4
00068-00000852.soi,1,1,1,1,1,1,1,1,1,1
00068-00000853.soi,2,3,2,3,2,3,2,3,2,3
00068-00000854.soi,1,4,1,4,4,1,1,4,1,4
00068-00000855.soi,14,14,14,14,14,14,14,14,14,14
00068-00000856.soi,1,1,1,1,1,1,1,1,1,1
00068-00000857.soi,1,1,1,1,1,1,1,1,1,1
00068-00000858.soi,3,3,3,3,3,3,3,3,3,3
00068-00000859.soi,1,1,1,1,1,1,1,1,1,1
00068-00000860.soi,6,6,6,6,6,6,6,6,6,6
00068-00000861.soi,2,2,2,2,2,2,2,2,2,2
00068-00000862.soi,1,1,1,1,1,1,1,1,1,1
00068-00000863.soi,3,3,3,3,3,3,3,3,3,3
00068-00000864.soi,4,4,4,4,4,4,4,4,4,4
00068-00000865.soi,5,6,5,6,5,5,6,5,6,5
00068-00000866.soi,2,2,2,2,2,2,2,2,2,2
00068-00000867.soi,10,10,10,10,10,10,10,10,10,10
00068-00000868.soi,2,4,2,2,2,4,2,4,2,2
00068-00000869.soi,1,1,1,1,1,1,1,1,1,1
00068-00000870.soi,1,3,1,3,1,3,1,3,1,3
00068-00000871.soi,2,2,2,2,2,2,2,2,2,2
00068-00000872.soi,5,5,5,5,5,1,5,7,5,5
00068-00000873.soi,2,2,2,2,2,2,2,2,2,2
00068-00000874.soi,1,1,1,1,1,1,1,1,1,1
00068-00000875.soi,2,2,2,2,2,2,2,2,2,2
00068-00000876.soi,4,4,4,4,4,4,4,4,4,4
00068-00000877.soi,5,5,5,5,5,5,5,5,5,5
00068-00000878.soi,3,3,3,3,3,3,3,3,3,3
00068-00000879.soi,3,3,3,3,3,3,3,3,3,3
00068-00000880.soi,2,2,2,2,2,2,2,2,2,2
00068-00000881.soi,1,1,1,1,1,1,1,1,1,1
00068-00000882.soi,5,5,5,5,5,7,5,5,5,5
00068-00000883.soi,5,5,5,5,5,5,5,5,5,5
00068-00000884.soi,3,3,3,3,3,3,3,3,3,3
00068-00000885.soi,1,1,1,1,1,1,1,1,1,1
00068-00000886.soi,4,4,4,4,4,4,4,4,4,4
00068-00000887.soi,5,5,2,5,2,5,5,5,2,5
00068-00000888.soi,1,1,1,1,1,1,1,1,1,1
00068-00000889.soi,2,2,6,2,2,2,6,2,2,2
00068-00000890.soi,2,2,2,2,2,2,2,2,2,2
00068-00000891.soi,2,2,2,2,2,2,2,2,2,2
00068-00000892.soi,2,3,2,3,2,3,2,3,2,3
00068-00000893.soi,1,1,7,1,1,1,7,1,1,1
00068-00000894.soi,1,1,1,1,1,1,1,1,1,1
00068-00000895.soi,4,4,4,8,4,7,4,8,4,4
00068-00000896.soi,3,3,3,3,3,3,3,3,3,3
00068-00000897.soi,3,3,3,3,3,3,3,3,3,3
00068-00000898.soi,6,6,6,6,6,6,6,6,6,6
00068-00000899.soi,1,1,1,1,1,1,1,1,1,1
00068-00000900.soi,4,4,4,4,4,4,4,4,4,4
00068-00000901.soi,10,10,10,10,10,10,10,10,10,10
00068-00000902.soi,1,1,1,1,1,1,1,1,1,1
00068-00000903.soi,1,3,1,3,1,3,1,3,1,3
00068-00000904.soi,3,3,3,3,3,3,3,3,3,3
00068-00000905.soi,4,4,4,4,4,4,4,4,4,4
00068-00000906.soi,7,7,7,7,7,7,7,7,7,7
00068-00000907.soi,4,4,4,4,4,3,4,4,4,4
00068-00000908.soi,2,2,2,2,2,2,2,2,2,2
00068-00000909.soi,6,6,6,6,6,6,6,6,6,6
00068-00000910.soi,4,4,4,4,4,4,4,4,4,4
00068-00000911.soi,2,2,2,2,2,2,2,2,2,2
00068-00000912.soi,2,8,2,8,2,8,2,8,2,8
00068-00000913.soi,3,3,3,3,3,3,3,3,3,3
00068-00000914.soi,2,2,2,2,2,2,2,2,2,2
00068-00000915.soi,4,4,4,4,4,4,8,4,4,4
00068-00000916.soi,3,3,3,3,3,3,3,3,3,3
00068-00000917.soi,6,6,6,6,6,6,6,6,6,6
00068-00000918.soi,3,2,3,2,2,3,2,3,3,2
00068-00000919.soi,4,4,4,3,4,4,4,4,3,4
00068-00000920.soi,16,16,16,16,16,16,16,16,16,16
00068-00000921.soi,8,8,8,8,8,8,8,8,8,8
00068-00000922.soi,1,1,1,1,1,1,1,1,1,1
00068-00000923.soi,9,5,9,5,5,9,5,9,9,5
00068-00000924.soi,1,1,1,1,1,1,1,1,1,1
00068-00000925.soi,1,1,1,1,1,1,1,1,1,1
00068-00000926.soi,5,5,3,5,5,3,5,5,3,5
00068-00000927.soi,1,7,7,1,1,7,1,7,1,7
00068-00000928.soi,2,2,2,1,2,2,2,2,1,2
00068-00000929.soi,3,3,3,3,3,3,3,3,3,3
00068-00000930.soi,4,4,4,4,4,4,4,4,4,4
00068-00000931.soi,8,8,8,8,8,8,8,8,8,8
00068-00000932.soi,6,6,6,6,6,6,6,6,6,6
00068-00000933.soi,5,5,5,5,5,5,5,5,5,5
00068-00000934.soi,5,5,5,5,5,5,5,7,5,5
00068-00000935.soi,2,2,1,2,2,2,4,2,2,2
00068-00000936.soi,6,6,6,6,6,6,6,6,6,6
00068-00000937.soi,6,6,6,6,6,6,6,6,6,6
00068-00000938.soi,4,8,4,8,8,4,4,8,4,8
00068-00000939.soi,2,3,2,2,3,2,3,2,2,3
00068-00000940.soi,12,14,4,12,4,14,12,15,14,12
00068-00000941.soi,3,3,3,3,3,3,3,3,3,3
00068-00000942.soi,8,13,8,13,13,8,8,13,8,13
00068-00000943.soi,5,5,5,5,5,5,5,5,5,5
00068-00000944.soi,12,12,12,12,12,12,12,12,12,12
00068-00000945.soi,11,10,11,10,11,10,11,10,11,10
00068-00000946.soi,9,9,9,9,9,9,9,9,9,9
00068-00000947.soi,16,16,3,16,3,16,16,16,3,16
00068-00000948.soi,3,5,3,5,5,3,3,5,3,5
00068-00000949.soi,9,9,9,9,9,9,9,9,9,9
00068-00000950.soi,14,7,11,11,14,7,14,7,11,11
00068-00000951.soi,15,19,17,15,19,17,19,15,17,15
00068-00000952.soi,6,6,6,6,6,6,6,6,6,6
00068-00000953.soi,5,1,5,1,1,5,1,5,5,1
00068-00000954.soi,10,12,10,12,10,12,10,12,10,12
00068-00000955.soi,8,8,8,11,8,8,8,11,8,8
00068-00000956.soi,8,1,8,1,8,1,8,1,1,8
00068-00000957.soi,1,1,7,1,1,7,6,1,7,1
00068-00000958.soi,1,1,1,1,1,1,1,1,1,1
00068-00000959.soi,5,5,5,5,5,5,5,5,5,5
00068-00000960.soi,1,7,1,7,4,1,7,1,7,1
00068-00000961.soi,4,4,4,3,4,4,9,4,4,4
00068-00000962.soi,1,1,1,1,1,1,1,1,1,1
00068-00000963.soi,1,1,1,1,1,1,1,1,1,1
00068-00000964.soi,4,4,4,4,4,4,4,4,4,4
00068-00000965.soi,2,4,2,2,9,2,2,4,2,2
00068-00000966.soi,5,5,5,5,5,5,5,5,5,5
00068-00000967.soi,3,3,3,3,3,3,3,3,3,3
00068-00000968.soi,2,2,2,2,2,2,2,2,2,2
00068-00000969.soi,20,20,19,20,20,20,19,20,20,20
00068-00000970.soi,9,9,9,9,9,9,9,9,9,9
00068-00000971.soi,4,1,5,4,5,1,5,4,1,4
00068-00000972.soi,2,2,2,2,2,2,2,2,2,2
00068-00000973.soi,1,1,1,1,1,1,1,1,1,1
00068-00000974.soi,7,2,7,2,11,7,2,2,7,2
00068-00000975.soi,5,5,7,5,11,5,5,7,5,5
00068-00000976.soi,5,5,5,5,5,5,5,5,5,5
00068-00000977.soi,8,8,8,8,8,8,8,8,8,8
00068-00000978.soi,4,4,4,4,4,4,4,4,4,4
00068-00000979.soi,7,7,12,7,7,12,7,7,7,12
00068-00000980.soi,4,4,4,4,4,4,4,4,4,4
00068-00000981.soi,2,2,2,2,2,2,2,2,2,2
00068-00000982.soi,2,2,2,2,2,2,2,2,2,2
00068-00000983.soi,11,11,11,11,11,11,11,11,11,11
00068-00000984.soi,1,1,1,1,1,1,1,1,1,1
00068-00000985.soi,13,4,13,11,13,13,4,13,11,13
00068-00000986.soi,2,2,2,2,2,2,2,2,2,2
00068-00000987.soi,7,7,7,7,7,7,7,7,7,7
00068-00000988.soi,1,1,1,1,1,1,1,1,1,1
00068-00000989.soi,1,1,1,1,1,1,1,1,1,1
00068-00000990.soi,8,8,8,8,8,8,8,8,8,8
00068-00000991.soi,1,1,1,1,1,1,1,1,1,1
00068-00000992.soi,2,2,2,2,2,2,2,2,2,2
00068-00000993.soi,8,8,8,8,8,8,8,8,8,8
00068-00000994.soi,6,6,6,6,6,6,6,6,6,6
00068-00000995.soi,7,2,7,2,7,2,2,7,7,2
00068-00000996.soi,1,1,1,1,1,1,1,1,1,1
00068-00000997.soi,2,2,2,2,2,2,2,2,2,2
00068-00000998.soi,1,1,1,1,1,1,1,1,1,1
00068-00000999.soi,2,2,2,2,2,2,2,2,2,2
00068-00001000.soi,5,6,5,1,5,6,5,6,5,6
00068-00001001.soi,5,5,5,5,5,5,5,5,5,5
00068-00001002.soi,1,1,1,1,1,1,1,1,1,1
00068-00001003.soi,1,1,1,1,1,1,1,1,1,1
00068-00001004.soi,1,1,2,1,1,1,1,2,1,1
00068-00001005.soi,3,1,3,1,3,1,3,1,3,1
00068-00001006.soi,4,2,4,4,2,4,2,4,4,2
00068-00001007.soi,1,1,1,1,1,1,1,1,1,1
00068-00001008.soi,2,2,10,2,10,2,2,2,10,2
00068-00001009.soi,3,3,3,3,3,3,3,3,3,3
00068-00001010.soi,1,1,1,1,1,1,1,1,1,1
00068-00001011.soi,2,2,2,2,2,2,2,2,2,2
00068-00001012.soi,7,7,7,7,7,7,7,7,7,7
00068-00001013.soi,5,5,5,5,5,5,5,5,5,5
00068-00001014.soi,2,2,2,2,2,2,2,2,2,2
00068-00001015.soi,5,5,5,5,5,5,5,5,5,5
00068-00001016.soi,1,2,1,7,2,1,3,7,1,2
00068-00001017.soi,2,2,2,2,2,2,2,2,2,2
00068-00001018.soi,1,1,1,1,1,1,1,1,1,1
00068-00001019.soi,2,2,2,2,2,2,2,2,2,2
00068-00001020.soi,1,1,1,1,1,1,1,1,1,1
00068-00001021.soi,13,1,13,13,13,1,13,1,13,13
00068-00001022.soi,1,1,1,1,1,1,1,1,1,1
00068-00001023.soi,4,4,4,4,4,4,4,4,4,4
00068-00001024.soi,3,3,3,3,3,3,3,3,3,3
00068-00001025.soi,3,3,3,3,3,3,3,3,3,3
00068-00001026.soi,5,1,5,5,3,5,5,1,5,3
00068-00001027.soi,5,5,5,5,5,5,5,5,5,5
00068-00001028.soi,6,6,6,6,6,6,6,6,6,6
00068-00001029.soi,2,2,2,2,2,2,2,2,2,2
00068-00001030.soi,5,1,2,5,1,5,2,5,1,5
00068-00001031.soi,1,1,1,1,1,1,1,1,1,1
00068-00001032.soi,2,2,2,2,2,2,2,2,2,2
00068-00001033.soi,7,7,7,7,7,7,7,7,7,7
00068-00001034.soi,2,2,2,2,2,2,2,2,2,2
00068-00001035.soi,3,3,3,3,3,3,3,3,3,3
00068-00001036.soi,3,3,3,3,3,3,3,3,3,3
00068-00001037.soi,4,4,4,4,4,4,4,4,4,4
00068-00001038.soi,1,1,1,1,1,1,1,1,1,1
00068-00001039.soi,2,2,2,2,2,2,2,2,2,2
00068-00001040.soi,1,1,1,1,1,1,1,1,1,1
00068-00001041.soi,5,5,5,5,5,5,5,5,5,5
00068-00001042.soi,5,5,5,5,5,5,5,5,5,5
00068-00001043.soi,11,11,11,11,11,10,11,11,11,11
00068-00001044.soi,1,1,1,1,1,1,1,1,1,1
00068-00001045.soi,4,4,4,4,4,4,4,4,4,4
00068-00001046.soi,10,10,10,10,10,10,10,10,10,10
00068-00001047.soi,5,5,5,5,5,5,5,5,5,5
00068-00001048.soi,2,2,2,2,2,2,2,2,2,2
00068-00001049.soi,5,5,5,5,5,5,5,5,5,5
00068-00001050.soi,3,3,3,3,3,3,3,3,3,3
00068-00001051.soi,5,5,5,5,5,5,5,5,5,5
00068-00001052.soi,4,4,4,4,4,4,4,4,4,4
00068-00001053.soi,4,4,10,4,4,4,10,4,4,4
00068-00001054.soi,2,2,2,2,2,2,2,2,2,2
00068-00001055.soi,1,1,1,1,1,1,1,1,1,1
00068-00001056.soi,1,1,1,1,1,1,1,1,1,1
00068-00001057.soi,1,1,6,1,1,6,1,1,6,1
00068-00001058.soi,5,5,5,5,5,5,5,5,5,5
00068-00001059.soi,2,2,2,2,2,2,2,2,2,2
00068-00001060.soi,3,3,3,3,3,3,3,3,3,3
00068-00001061.soi,1,1,1,1,1,1,1,1,1,1
00068-00001062.soi,6,6,9,6,9,6,6,6,9,6
00068-00001063.soi,9,9,9,7,9,9,1,9,9,2
00068-00001064.soi,5,5,5,5,5,5,5,5,5,5
00068-00001065.soi,4,4,4,6,4,4,4,6,4,4
00068-00001066.soi,5,5,5,5,5,5,5,5,5,5
00068-00001067.soi,7,7,7,5,7,7,4,7,7,7
00068-00001068.soi,5,5,5,5,5,5,5,5,5,5
00068-00001069.soi,8,8,8,8,8,8,8,8,8,8
00068-00001070.soi,5,5,5,5,5,5,5,5,5,5
00068-00001071.soi,4,4,4,4,5,4,4,4,4,4
00068-00001072.soi,2,2,2,2,2,2,2,2,2,2
00068-00001073.soi,2,2,2,2,2,2,2,2,2,2
00068-00001074.soi,7,7,7,7,7,7,7,7,7,7
00068-00001075.soi,2,2,2,2,2,2,2,2,2,2
00068-00001076.soi,1,1,1,1,1,1,1,1,1,1
00068-00001077.soi,2,2,2,2,2,2,2,2,2,2
00068-00001078.soi,2,2,12,2,12,2,2,2,12,2
00068-00001079.soi,1,1,1,1,1,1,1,1,1,1
00068-00001080.soi,4,4,4,4,4,4,4,4,4,4
00068-00001081.soi,1,1,1,1,1,1,1,1,1,1
00068-00001082.soi,6,6,6,6,6,6,6,6,6,6
00068-00001083.soi,2,2,4,2,2,4,2,2,4,2
00068-00001084.soi,3,3,3,3,3,3,3,3,3,3
00068-00001085.soi,1,1,1,1,1,1,1,1,1,1
00068-00001086.soi,4,4,4,6,4,4,4,4,6,4
00068-00001087.soi,2,2,2,2,2,2,2,2,2,2
00068-00001088.soi,1,1,1,1,1,1,1,1,1,1
00068-00001089.soi,3,3,3,3,3,3,3,3,3,3
00068-00001090.soi,4,4,4,4,4,4,4,4,4,4
00068-00001091.soi,2,2,2,2,2,2,2,2,2,2
00068-00001092.soi,10,10,10,10,10,10,10,10,10,10
00068-00001093.soi,2,2,2,2,2,2,2,2,2,2
00068-00001094.soi,8,8,8,8,8,8,8,8,8,8
00068-00001095.soi,1,1,1,1,1,1,1,1,1,1
00068-00001096.soi,2,2,2,2,2,2,2,2,2,2
00068-00001097.soi,1,1,1,1,1,1,1,1,1,1
00068-00001098.soi,9,1,9,4,9,4,7,1,9,9
00068-00001099.soi,6,1,6,6,1,6,6,6,1,6
00068-00001100.soi,1,1,1,1,1,1,1,1,1,1
00068-00001101.soi,2,2,2,2,2,2,2,2,2,2
00068-00001102.soi,1,1,1,1,1,1,1,1,1,1
00068-00001103.soi,2,2,2,2,2,2,2,2,2,2
00068-00001104.soi,1,1,1,1,1,1,1,1,1,1
00068-00001105.soi,3,3,3,3,4,3,3,3,3,3
00068-00001106.soi,9,9,9,9,9,9,9,9,9,9
00068-00001107.soi,5,5,5,5,5,5,5,5,5,5
00068-00001108.soi,3,3,3,3,3,3,3,3,3,3
00068-00001109.soi,3,3,3,3,3,3,3,3,3,3
00068-00001110.soi,1,1,1,1,1,1,1,1,1,1
00068-00001111.soi,9,9,9,9,9,9,9,9,9,9
00068-00001112.soi,4,4,4,4,4,4,4,4,4,4
00068-00001113.soi,3,3,3,2,3,3,3,2,3,3
00068-00001114.soi,6,6,6,6,6,6,6,6,6,6
00068-00001115.soi,2,2,2,2,2,2,2,2,2,2
00068-00001116.soi,6,6,6,6,6,6,6,6,6,6
00068-00001117.soi,2,2,2,2,2,2,2,2,2,2
00068-00001118.soi,9,2,9,2,2,9,9,2,9,2
00068-00001119.soi,4,4,4,4,4,4,4,4,4,4
00068-00001120.soi,1,1,1,1,1,1,1,1,1,1
00068-00001121.soi,1,1,1,1,1,1,1,1,1,1
00068-00001122.soi,4,4,4,4,4,4,4,4,4,4
00068-00001123.soi,8,8,8,8,8,8,8,8,8,8
00068-00001124.soi,6,6,6,6,6,6,6,6,6,6
00068-00001125.soi,2,2,3,2,2,3,2,2,3,2
00068-00001126.soi,1,1,1,1,1,1,1,1,1,1
00068-00001127.soi,7,7,7,7,7,7,7,7,7,7
00068-00001128.soi,14,19,9,14,19,14,9,19,14,4
00068-00001129.soi,9,9,9,9,9,10,9,9,9,9
00068-00001130.soi,2,2,2,2,2,2,2,2,2,2
00068-00001131.soi,5,2,6,5,2,5,2,5,6,2
00068-00001132.soi,3,3,3,3,3,3,3,3,3,3
00068-00001133.soi,3,3,3,1,3,3,3,3,1,3
00068-00001134.soi,2,2,2,2,2,2,2,2,2,2
00068-00001135.soi,8,3,8,3,8,3,8,3,8,3
00068-00001136.soi,2,2,2,2,2,2,2,2,2,2
00068-00001137.soi,5,5,5,5,5,5,5,5,5,5
00068-00001138.soi,1,6,1,6,1,1,6,1,6,1
00068-00001139.soi,6,6,6,6,6,6,6,6,6,6
00068-00001140.soi,1,1,1,1,1,1,1,1,1,1
00068-00001141.soi,2,2,2,2,2,2,2,2,2,2
00068-00001142.soi,3,3,3,3,3,3,3,3,3,3
00068-00001143.soi,1,1,1,1,1,1,1,1,1,1
00068-00001144.soi,4,4,4,4,4,4,4,4,4,4
00068-00001145.soi,3,3,3,3,3,3,3,3,3,3
00068-00001146.soi,3,3,3,3,3,3,3,3,3,3
00068-00001147.soi,2,2,2,2,2,2,2,2,2,2
00068-00001148.soi,2,2,2,2,2,2,2,2,2,2
00068-00001149.soi,4,4,4,4,4,4,4,4,4,4
00068-00001150.soi,6,4,6,6,4,6,6,4,6,4
00068-00001151.soi,2,2,2,2,2,2,2,2,2,2
00068-00001152.soi,14,14,14,14,14,14,14,14,14,14
00068-00001153.soi,5,5,5,5,5,5,5,5,5,5
00068-00001154.soi,3,4,2,3,4,3,4,1,3,4
00068-00001155.soi,3,3,3,3,3,3,3,3,3,3
00068-00001156.soi,4,4,4,4,4,4,4,4,4,4
00068-00001157.soi,2,2,2,2,2,2,2,2,2,2
00068-00001158.soi,2,2,2,2,2,2,2,2,2,2
00068-00001159.soi,7,7,7,7,7,7,7,7,7,7
00068-00001160.soi,4,4,4,4,4,4,4,4,4,4
00068-00001161.soi,3,3,3,3,3,3,3,3,3,3
00068-00001162.soi,2,2,2,2,2,2,2,2,2,2
00068-00001163.soi,1,1,1,1,1,1,1,1,1,1
00068-00001164.soi,7,7,7,7,7,7,7,7,7,7
00068-00001165.soi,6,6,6,6,6,6,6,6,6,6
00068-00001166.soi,3,3,3,3,3,3,3,3,3,3
00068-00001167.soi,2,2,2,2,2,2,2,2,2,2
00068-00001168.soi,2,2,2,2,2,2,2,2,2,2
00068-00001169.soi,4,4,4,4,4,4,4,4,4,4
00068-00001170.soi,3,3,3,3,3,3,3,3,3,3
00068-00001171.soi,1,1,1,1,1,1,1,1,1,1
00068-00001172.soi,5,5,5,5,5,5,5,5,5,5
00068-00001173.soi,1,1,1,1,1,1,1,1,1,1
00068-00001174.soi,8,8,8,8,8,8,8,8,8,8
00068-00001175.soi,2,2,2,2,2,2,2,2,2,2
00068-00001176.soi,7,4,7,7,7,4,7,4,7,7
00068-00001177.soi,2,5,2,7,8,2,5,2,7,2
00068-00001178.soi,1,1,1,1,1,1,1,1,1,1
00068-00001179.soi,1,1,1,1,1,1,1,1,1,1
00068-00001180.soi,1,1,1,1,1,1,1,1,1,1
00068-00001181.soi,4,5,4,5,4,5,4,5,4,5
00068-00001182.soi,1,1,3,1,1,3,1,1,3,1
00068-00001183.soi,5,5,4,5,5,4,5,5,4,5
00068-00001184.soi,3,3,3,3,3,3,3,3,3,3
00068-00001185.soi,3,6,3,6,3,6,3,6,3,6
00068-00001186.soi,1,1,1,1,1,1,1,1,1,1
00068-00001187.soi,7,7,7,7,7,7,7,7,7,7
00068-00001188.soi,2,2,2,2,2,2,2,2,2,2
00068-00001189.soi,5,5,5,5,5,5,5,5,5,5
00068-00001190.soi,2,2,2,2,2,2,2,2,2,2
00068-00001191.soi,11,11,11,11,11,11,6,11,11,11
00068-00001192.soi,1,1,1,1,1,1,1,1,1,1
00068-00001193.soi,4,4,4,4,4,4,4,4,4,4
00068-00001194.soi,7,7,7,7,7,7,7,7,7,7
00068-00001195.soi,5,5,5,5,5,5,5,5,5,5
00068-00001196.soi,3,3,3,3,3,3,3,3,3,3
00068-00001197.soi,4,4,4,4,4,4,4,4,4,4
00068-00001198.soi,6,3,6,6,6,3,6,3,6,6
00068-00001199.soi,2,2,2,2,2,2,2,2,2,2
00068-00001200.soi,1,1,1,1,1,1,1,1,1,1
00068-00001201.soi,1,5,1,5,1,5,1,5,1,5
00068-00001202.soi,5,3,5,3,5,5,3,5,3,5
00068-00001203.soi,8,8,8,8,8,8,8,8,8,8
00068-00001204.soi,1,1,1,1,1,1,1,1,1,1
00068-00001205.soi,2,2,5,2,2,5,2,2,5,2
00068-00001206.soi,7,7,7,7,7,7,7,7,7,7
00068-00001207.soi,5,5,5,5,5,5,5,5,5,5
00068-00001208.soi,6,6,6,6,6,6,6,6,6,6
00068-00001209.soi,1,1,1,1,1,1,1,1,1,1
00068-00001210.soi,3,3,3,3,3,3,3,3,3,3
00068-00001211.soi,9,9,9,9,9,9,9,9,9,9
00068-00001212.soi,4,4,4,4,4,4,4,4,4,4
00068-00001213.soi,5,5,5,5,5,5,5,5,5,5
00068-00001214.soi,4,4,4,4,4,4,4,4,4,4
00068-00001215.soi,18,18,18,18,18,18,18,18,18,18
00068-00001216.soi,5,4,5,5,5,4,5,4,5,5
00068-00001217.soi,6,6,6,6,6,6,6,6,6,6
00068-00001218.soi,6,6,6,6,6,6,6,6,6,6
00068-00001219.soi,5,5,5,5,5,5,5,5,5,5
00068-00001220.soi,3,3,3,3,3,3,3,3,3,3
00068-00001221.soi,8,9,8,8,8,9,8,9,8,8
00068-00001222.soi,8,8,8,8,8,8,8,8,8,8
00068-00001223.soi,5,5,5,5,5,5,5,5,5,5
00068-00001224.soi,8,8,8,8,8,8,8,8,8,8
00068-00001225.soi,6,6,6,6,6,6,6,6,6,6
00068-00001226.soi,5,5,5,5,5,5,5,5,5,5
00068-00001227.soi,5,5,5,5,5,5,5,5,5,5
00068-00001228.soi,7,7,7,7,4,7,7,7,7,7
00068-00001229.soi,3,3,3,3,3,3,3,3,3,3
00068-00001230.soi,4,4,4,4,4,4,4,4,4,4
00068-00001231.soi,9,9,9,9,9,9,9,9,9,9
00068-00001232.soi,2,2,2,2,2,2,2,2,2,2
00068-00001233.soi,3,6,1,6,3,6,1,6,3,1
00068-00001234.soi,1,1,1,1,1,1,1,1,1,1
00068-00001235.soi,1,1,1,1,1,1,1,1,1,1
00068-00001236.soi,2,2,2,2,2,2,2,2,2,2
00068-00001237.soi,1,1,1,1,1,1,1,1,1,1
00068-00001238.soi,1,1,1,1,1,1,1,1,1,1
00068-00001239.soi,4,4,4,4,4,4,4,4,4,4
00068-00001240.soi,8,1,2,8,1,8,2,1,8,1
00068-00001241.soi,2,2,2,2,2,2,2,2,2,2
00068-00001242.soi,6,6,6,6,6,6,6,6,6,6
00068-00001243.soi,4,4,4,4,4,4,4,4,4,4
00068-00001244.soi,4,4,4,4,4,4,4,4,4,4
00068-00001245.soi,3,3,3,3,3,3,3,3,3,3
00068-00001246.soi,1,1,1,1,1,1,1,1,1,1
00068-00001247.soi,5,5,7,5,5,7,5,5,7,5
00068-00001248.soi,6,6,6,6,6,6,6,6,6,6
00068-00001249.soi,3,3,3,3,3,3,3,3,3,3
00068-00001250.soi,12,10,12,12,10,12,12,12,10,12
00068-00001251.soi,1,1,1,1,1,1,1,1,1,1
00068-00001252.soi,6,6,6,6,6,6,6,6,6,6
00068-00001253.soi,1,1,1,1,1,1,1,1,1,1
00068-00001254.soi,10,10,10,10,10,10,10,10,10,10
00068-00001255.soi,1,1,5,1,5,1,1,1,5,1
00068-00001256.soi,4,4,4,1,4,4,4,1,4,4
00068-00001257.soi,1,1,1,1,1,1,1,1,1,1
00068-00001258.soi,1,5,1,5,5,1,1,5,1,5
00068-00001259.soi,8,10,8,10,8,10,8,10,8,10
00068-00001260.soi,1,1,1,1,1,1,1,1,1,1
00068-00001261.soi,3,5,3,5,1,3,5,3,5,3
00068-00001262.soi,2,2,2,2,2,2,2,2,2,2
00068-00001263.soi,3,3,3,3,3,3,3,3,3,3
00068-00001264.soi,7,7,4,1,7,7,3,7,4,7
00068-00001265.soi,1,1,1,1,1,1,1,1,1,1
00068-00001266.soi,2,2,2,2,2,2,2,2,2,2
00068-00001267.soi,4,5,4,1,4,4,1,4,5,4
00068-00001268.soi,3,3,3,3,3,3,3,3,3,3
00068-00001269.soi,1,1,1,1,1,1,1,1,1,1
00068-00001270.soi,2,2,2,2,2,2,2,2,2,2
00068-00001271.soi,9,9,9,9,9,9,9,9,9,9
00068-00001272.soi,11,2,11,2,2,11,11,2,11,2
00068-00001273.soi,3,3,3,3,3,3,3,3,3,3
00068-00001274.soi,3,3,3,3,3,3,3,3,3,3
00068-00001275.soi,3,4,3,3,4,3,4,3,3,4
00068-00001276.soi,8,8,8,8,8,8,8,8,8,8
00068-00001277.soi,6,6,6,6,6,6,6,6,6,6
00068-00001278.soi,2,2,2,2,2,2,2,2,2,2
00068-00001279.soi,2,2,2,2,2,2,2,2,2,2
00068-00001280.soi,1,1,1,1,1,1,1,1,1,1
00068-00001281.soi,3,3,3,3,3,3,3,3,3,3
00068-00001282.soi,1,1,1,1,1,1,1,1,1,1
00068-00001283.soi,3,3,3,3,3,3,3,3,3,3
00068-00001284.soi,5,5,5,5,5,5,5,5,5,5
00068-00001285.soi,2,2,2,2,2,2,2,2,2,2
00068-00001286.soi,2,2,2,2,2,2,2,2,2,2
00068-00001287.soi,2,2,2,2,2,2,2,2,2,2
00068-00001288.soi,2,2,2,2,2,2,2,2,2,2
00068-00001289.soi,4,4,4,4,4,4,4,4,4,4
00068-00001290.soi,4,4,4,4,4,4,4,4,4,4
00068-00001291.soi,3,3,3,3,3,3,3,3,3,3
00068-00001292.soi,10,10,10,10,10,10,10,10,10,10
00068-00001293.soi,3,3,3,3,3,3,3,3,3,3
00068-00001294.soi,1,1,1,1,1,1,1,1,1,1
00068-00001295.soi,1,1,1,1,1,1,1,1,1,1
00068-00001296.soi,4,4,4,4,4,4,4,4,4,4
00068-00001297.soi,4,4,4,4,4,4,4,4,4,4
00068-00001298.soi,3,3,3,3,3,3,3,3,3,3
00068-00001299.soi,10,10,10,10,10,10,10,10,10,10
00068-00001300.soi,3,3,6,3,3,3,6,3,3,3
00068-00001301.soi,9,9,9,9,9,9,9,9,9,9
00068-00001302.soi,13,13,13,8,13,13,13,8,13,13
00068-00001303.soi,1,1,1,1,1,1,1,1,1,1
00068-00001304.soi,4,4,4,4,4,4,4,4,4,4
00068-00001305.soi,7,7,7,7,7,7,7,7,7,7
00068-00001306.soi,7,7,7,7,7,7,7,7,7,7
00068-00001307.soi,2,2,2,2,2,2,2,2,2,2
00068-00001308.soi,6,6,6,6,6,6,6,6,6,6
00068-00001309.soi,3,3,3,3,3,3,3,3,3,3
00068-00001310.soi,2,2,2,2,2,2,2,2,2,2
00068-00001311.soi,4,4,4,4,4,4,4,4,4,4
00068-00001312.soi,3,3,3,3,3,3,3,3,3,3
00068-00001313.soi,5,5,5,5,5,5,5,5,5,5
00068-00001314.soi,5,3,5,5,1,5,3,5,5,1
00068-00001315.soi,7,3,7,3,7,3,7,3,7,3
